Ensembl_ID,Neutrophil,Lymphocyte,Monocyte,Eosinophil
ENSG00000001036,4.4433,8.9055,67.7191,20.5249
ENSG00000002726,1.9613,1.0346,1.13965,24.43345
ENSG00000002933,2.0469,1.0419,93.2127,4.75115
ENSG00000004399,1,1.0567,10.3196,1
ENSG00000004799,2.2987,1.0376,28.3737,34.69425
ENSG00000005059,2.2298,58.2455,34.3246,1.4283
ENSG00000005448,1,24.0959,8.396,1.01055
ENSG00000005893,355.631,18.9854,95.40215,191.83075
ENSG00000006327,68.1032,2.0311,11.48525,112.4788
ENSG00000006534,19.9934,1.1744,74.32565,137.16345
ENSG00000007038,1.0389,1.903,2.8848,28.46445
ENSG00000007237,7.4204,1.3871,22.07415,10.32575
ENSG00000007312,4.6971,46.1143,10.57175,2.12705
ENSG00000007350,1.088,3.602,1.0525,58.8266
ENSG00000008130,344.6763,5.786,110.1775,273.80605
ENSG00000008394,5.0376,1.0483,140.8157,1.7196
ENSG00000008438,317.855,1.0245,1.266,371.861
ENSG00000008516,12.8732,1.0051,1.1594,2.9082
ENSG00000008517,30.3382,984.2849,9.6202,8.94
ENSG00000010278,15.688,5.1571,12.88835,820.13755
ENSG00000010327,1.0188,1,8.827,1
ENSG00000010610,5.8641,1.8111,192.61995,2.52995
ENSG00000010671,17.3397,1.322,52.52435,88.7086
ENSG00000010810,2.9012,30.6381,6.19075,1.07245
ENSG00000011422,798.9715,4.5935,384.3463,531.60495
ENSG00000011600,3790.3381,10.6197,3346.4083,2012.9566
ENSG00000012779,298.8669,3.3029,167.3301,272.65695
ENSG00000013725,1.0562,24.6087,1.0557,1.0482
ENSG00000014257,15.0604,1.0587,24.5712,132.4052
ENSG00000017483,1.1317,10.9635,1.32635,1.07435
ENSG00000017797,138.0904,8.1415,8.481,12.3703
ENSG00000019169,1.2944,1.0075,25.9662,1.0326
ENSG00000019991,3.4009,1.0109,14.6285,3.6111
ENSG00000021300,1.1387,34.7723,1.24755,1.11665
ENSG00000023445,2.62,30.4179,4.3566,2.8273
ENSG00000025708,90.6485,2.6603,117.817,15.11485
ENSG00000027075,2.8393,81.92,3.04835,2.88395
ENSG00000030582,540.2333,34.0869,1577.6408,121.4218
ENSG00000033327,15.0251,1.0287,3.3139,1.88005
ENSG00000035664,42.8277,1.513,1.173,184.2678
ENSG00000038427,2.3672,1.0846,178.47065,1.0772
ENSG00000042493,109.5824,60.4965,950.31105,571.8557
ENSG00000057704,50.6201,2.4266,4.14005,35.4966
ENSG00000059377,139.0513,3.9948,259.163,243.32395
ENSG00000059573,1.2977,20.1317,3.00515,1.2273
ENSG00000059728,304.701,2.2908,8.59655,98.9592
ENSG00000059804,160.3745,10.8169,15.8116,24.3157
ENSG00000060558,5.4631,1.0354,25.18285,12.59265
ENSG00000062282,204.2879,1.1954,16.82275,101.21835
ENSG00000062716,1870.1263,48.3988,413.49385,65.91345
ENSG00000064225,43.669,1,15.17215,40.94375
ENSG00000064601,117.1152,31.3054,228.22265,440.5521
ENSG00000064886,2.217,30.1633,3.62975,1.15225
ENSG00000066336,67.1026,1.0935,14.35995,33.40925
ENSG00000067182,306.3967,23.1786,128.54215,77.7319
ENSG00000067606,1.5419,1.4442,1.0745,12.86605
ENSG00000067836,4.0335,4.7513,52.7177,6.1093
ENSG00000068024,33.2694,1.4844,8.3213,2.91685
ENSG00000069493,4.3119,150.86,3.05955,1.59505
ENSG00000069966,2.5622,25.6746,3.73265,1.1267
ENSG00000070540,27.7766,3.605,16.1205,183.2311
ENSG00000070731,23.8341,1,2.7374,5.57775
ENSG00000071242,1.5997,1.3844,1.4482,19.4673
ENSG00000071967,8.2134,1.0209,14.7083,1.32725
ENSG00000072110,217.7431,13.9324,51.52925,101.63175
ENSG00000072134,8.7107,2.6124,2.1678,21.67045
ENSG00000072952,17.0228,1.0111,2.69485,2.44595
ENSG00000073737,60.1038,1.1053,18.83885,86.8965
ENSG00000073849,3.1069,53.7591,8.28205,4.52745
ENSG00000074416,1.1639,1.2671,6.965,25.12965
ENSG00000074964,1.0123,1,16.41805,1.00695
ENSG00000075413,3.2446,2.4772,1.97735,81.04045
ENSG00000076555,1.0602,1.7648,1.26235,14.4937
ENSG00000078596,3.0114,93.4918,1.66455,66.94505
ENSG00000079385,16.9663,1.5975,1.05435,31.0761
ENSG00000081059,1.7468,33.8298,1.2718,3.5718
ENSG00000081189,16.5503,1.3623,62.1433,1.20135
ENSG00000082074,1145.6614,154.5411,299.27405,263.59385
ENSG00000082512,1.1847,12.5168,1.291,1.02785
ENSG00000083444,18.9431,3.4829,31.6372,2.56645
ENSG00000083845,46.365,1366.6775,538.73175,107.8554
ENSG00000084110,45.4898,1.0225,13.94165,3.03275
ENSG00000084207,70.6216,312.0017,2561.21145,218.83785
ENSG00000084234,94.2978,13.1153,164.2929,50.83525
ENSG00000085265,138.974,1.9527,1333.68675,8.75945
ENSG00000085514,1079.5963,1.9045,477.6377,16.1179
ENSG00000085662,2.4815,116.231,85.7636,4.2579
ENSG00000085871,12.1986,3.2145,88.0862,26.7539
ENSG00000086300,203.0006,16.6032,120.44255,3.2865
ENSG00000086730,294.549,3.2018,240.8876,36.4428
ENSG00000087253,27.3362,1.0506,13.9019,177.1985
ENSG00000087589,56.8831,2.7977,3.60785,17.36305
ENSG00000089012,3.4467,136.4205,2.1385,1.97965
ENSG00000089127,19.4942,32.1146,214.7223,1.57815
ENSG00000089157,51.9199,2581.829,1299.99185,108.3316
ENSG00000089220,5.2909,192.87,58.40555,15.3421
ENSG00000090013,32.6354,24.4239,396.49565,18.0164
ENSG00000090104,1,1.3006,1.014,28.61505
ENSG00000090376,9.0886,1.0254,19.47035,4.7306
ENSG00000090382,583.6721,16.4564,18220.72165,198.13395
ENSG00000090674,29.1415,5.7763,41.06855,84.24905
ENSG00000091106,13.7458,1.0845,38.743,5.61185
ENSG00000091181,1.7263,1.2082,1.0626,300.71685
ENSG00000091490,1.2787,7.5281,1.19715,1.03685
ENSG00000092067,2.503,1.5403,3.2654,575.8095
ENSG00000092068,1.006,1.0194,1.1073,13.00375
ENSG00000092964,1.7155,5.7899,54.30265,1.16045
ENSG00000093072,7.5549,26.638,153.85335,8.79825
ENSG00000093134,51.7156,1,2.58805,1.0155
ENSG00000095303,2.9101,1.0374,9.9392,19.19265
ENSG00000096092,1.3374,36.8236,1.4025,16.1626
ENSG00000099204,2.881,45.3739,1.18935,1.119
ENSG00000099377,1.6293,1.0851,2.09945,21.2551
ENSG00000100079,7.5022,2.7216,1068.53405,1.86705
ENSG00000100097,66.9154,356.019,2343.02,85.12635
ENSG00000100100,4.4387,138.5016,14.85295,10.7897
ENSG00000100162,1.0996,11.5564,1.23545,1.02665
ENSG00000100290,7.5161,6.2894,3.1762,53.66285
ENSG00000100292,22.933,1.5158,76.57845,8.3186
ENSG00000100316,103.541,4262.5968,1227.40705,280.96045
ENSG00000100321,1.9923,5.241,32.9457,1.07145
ENSG00000100351,3.5458,31.5147,1.2022,1.0893
ENSG00000100365,825.8816,14.1571,159.5135,596.4969
ENSG00000100368,30.3002,1.0593,6.20355,19.35495
ENSG00000100373,2.9567,1.0257,20.77805,1.0497
ENSG00000100450,6.6517,21.8336,2.6291,2.03725
ENSG00000100504,75.3309,1.0262,38.7,115.64175
ENSG00000100628,1.0315,2.0377,1.2119,42.3366
ENSG00000100823,4.7899,104.6747,78.28185,4.47665
ENSG00000100985,130.269,1.0023,1.5792,2.34805
ENSG00000101224,1.2759,17.4945,2.8229,1.0367
ENSG00000101236,163.1479,5.0353,20.54795,43.20805
ENSG00000101307,860.2138,4.8246,302.2084,673.8762
ENSG00000101336,471.8235,2.4523,427.08865,614.8197
ENSG00000101425,4.6236,1,12.246,1.00305
ENSG00000101439,435.4631,15.6963,3917.8583,15.28105
ENSG00000101460,49.8766,4.8038,4.2507,9.3059
ENSG00000101916,14.8176,1.0122,15.1074,1.01985
ENSG00000102145,1.3546,1.0103,1.18775,397.5318
ENSG00000102265,266.5912,58.1479,424.7002,6.61405
ENSG00000102445,80.1618,1.1846,4.3101,1.13435
ENSG00000102471,1.0353,2.7358,1.03025,17.9303
ENSG00000102524,293.3721,5.9073,309.14985,69.9629
ENSG00000102760,1.3245,22.4174,1.5162,1.06045
ENSG00000102882,14.722,3.2197,5.37935,45.43705
ENSG00000103056,1.0091,1.3695,1.05175,11.4795
ENSG00000103154,32.1409,1,1.61755,1.0143
ENSG00000103196,70.0792,1.0587,17.15345,1.0367
ENSG00000103355,1.91,1.0138,1.1904,1024.73105
ENSG00000103381,438.7307,6.4816,185.4877,120.54205
ENSG00000103569,658.145,1.0571,40.1343,1.15205
ENSG00000103811,2.3325,13.02,152.25205,1.17305
ENSG00000104870,1495.8179,46.477,1103.3718,827.46735
ENSG00000104918,12.2865,1.5615,159.2439,1.0666
ENSG00000104951,1.1755,1.2851,20.2465,1.1968
ENSG00000104964,2.6335,133.4817,6.6147,14.2427
ENSG00000104974,19.0603,1.0556,30.816,32.20135
ENSG00000105011,30.4676,2.1429,6.3454,2.184
ENSG00000105048,1.9195,1.2518,24.69365,148.13975
ENSG00000105088,1.2588,6.8288,1.05915,31.7615
ENSG00000105202,2.9876,69.1642,34.90315,4.9215
ENSG00000105205,32.3301,3.9576,2.8399,17359.05
ENSG00000105339,24.8836,1.6342,5.39505,29.1571
ENSG00000105352,73.1578,1.0946,27.3291,5.1952
ENSG00000105366,2.7959,1.1987,1.3344,228.60815
ENSG00000105369,3.9621,7.6833,2.01975,3.0637
ENSG00000105372,293.9822,12937.2067,3938.97255,413.6434
ENSG00000105373,2.9586,72.2036,17.1953,5.68935
ENSG00000105383,12.0018,1.1602,118.5044,8.80725
ENSG00000105472,1.6255,1.3812,13.78115,1.0273
ENSG00000105501,101.998,1.0584,20.01405,1.1042
ENSG00000105514,102.391,3.107,69.3314,79.88205
ENSG00000105520,41.2721,1.0298,14.7433,5.7452
ENSG00000105640,206.5757,8442.4028,3425.69715,533.70695
ENSG00000105835,148.4194,3.4763,5.94145,15.7508
ENSG00000106034,1.2179,1.037,10.68855,1.034
ENSG00000106066,9.2099,1.9554,824.0606,5.0382
ENSG00000106211,5.2523,81.2831,11.9435,7.3933
ENSG00000106565,6.9828,1.4131,546.70785,44.287
ENSG00000106991,1.0229,3.1579,16.7404,1.03075
ENSG00000107242,2.3035,1.324,1.4144,31.11885
ENSG00000107438,5.8911,11.1508,2.43065,149.5115
ENSG00000107551,2.5127,1.1828,69.68065,1.09055
ENSG00000107738,614.679,59.5753,315.31,621.8665
ENSG00000107742,7.1343,79.6757,1.3455,1.13535
ENSG00000108861,4.328,2.9175,24.54565,5.6936
ENSG00000109099,1.1883,1.0604,2.0856,31.93395
ENSG00000109321,1,1.0203,1.03015,10.43415
ENSG00000109667,1.2238,1.1158,33.6273,1.0245
ENSG00000109743,177.6103,1.7986,212.4527,16.1465
ENSG00000110077,45.9701,2.1074,882.56405,4.89415
ENSG00000110080,32.5165,1.5355,5.2715,1.13065
ENSG00000110203,101.4899,1.0635,114.98405,19.5034
ENSG00000110448,2.1142,65.5988,1.388,1.13
ENSG00000110931,23.9898,3.9158,23.9738,52.4146
ENSG00000110944,1.0507,15.8117,1.303,1.00985
ENSG00000111052,18.1904,1.0025,5.27765,14.10465
ENSG00000111144,27.1435,55.4987,532.03655,15.71655
ENSG00000111261,63.3956,1.2976,1.8622,1.62885
ENSG00000111275,6.9191,1.7114,157.24065,43.5075
ENSG00000111321,30.1455,1.0587,58.657,1.05475
ENSG00000111328,1.8047,1.3784,35.6204,16.91195
ENSG00000111371,2.2844,50.4697,1.66495,17.9585
ENSG00000111678,4.3544,173.4634,18.55005,18.0876
ENSG00000111716,16.4919,856.3866,160.70265,19.51275
ENSG00000111729,184.5751,2.1057,285.9109,1.5208
ENSG00000111796,3.5318,10.4111,2.65305,1.46575
ENSG00000112096,2652.1413,37.0751,277.85085,145.42905
ENSG00000112299,5.7165,1.0327,11.3894,1.0186
ENSG00000112303,266.6158,25.834,52.013,1.14075
ENSG00000112306,69.0627,3365.82,1167.03,174.3455
ENSG00000112486,1.2326,19.7717,1.2016,1.1135
ENSG00000112667,3.3652,114.0214,90.57965,4.59
ENSG00000112759,1.6905,3.3227,11.051,876.40355
ENSG00000112799,4.9168,3.8124,340.78825,2.26355
ENSG00000113088,1.833,14.3422,1.7352,1.5528
ENSG00000113263,1.3597,53.8628,1.05985,1
ENSG00000113269,553.2003,11.4728,419.9936,283.0614
ENSG00000113273,4.1113,1.4915,7.64965,22.07025
ENSG00000113303,134.8398,1,1.58655,17.0725
ENSG00000113448,2.4128,2.0206,2.48585,47.8766
ENSG00000113749,120.5414,2.9214,40.9104,39.23355
ENSG00000113916,200.5586,4.0557,24.1705,17.144
ENSG00000114013,1.1201,1.4061,63.25695,1.0745
ENSG00000114268,22.1587,1.2691,11.38045,18.5394
ENSG00000114626,562.4816,15.8738,49.78015,128.16265
ENSG00000114656,24.5747,1.2776,1.67825,3.3641
ENSG00000114942,27.3802,737.039,277.92,37.29045
ENSG00000115085,2.2618,57.67,1.2836,1.19405
ENSG00000115271,506.4727,7.2079,101.1937,273.55945
ENSG00000115541,8.5568,210.7759,90.2089,21.4763
ENSG00000115590,226.2617,1.0144,4.59075,1.06535
ENSG00000115602,1.0239,1.0208,1.03075,24.48845
ENSG00000115607,48.996,1.1468,1.10455,15.03595
ENSG00000115738,71.4148,96.4149,56.2395,850.412
ENSG00000115828,1007.9573,1.4743,262.55075,2.89675
ENSG00000115919,2.0981,1.4959,95.31135,1.20585
ENSG00000116157,1.24,29.5261,2.00635,4.7345
ENSG00000116299,34.6219,2.761,1.12665,1.01585
ENSG00000116701,471.5658,4.0904,369.7068,1107.4797
ENSG00000116717,5.4745,2.5856,6.1103,41.0609
ENSG00000116729,41.6833,1.0033,17.44115,1.0312
ENSG00000116741,2786.69,5.4273,406.2575,666.8675
ENSG00000116791,1.3254,24.8258,6.16195,2.37755
ENSG00000116824,7.3174,303.2302,5.5489,1.8846
ENSG00000116990,1.0267,1.008,14.23295,1.0144
ENSG00000117090,1.1626,18.9248,1.1371,1.05515
ENSG00000117115,59.8677,1.0143,11.61285,34.9414
ENSG00000117318,2.6813,78.8275,2.028,1.2322
ENSG00000117480,1.1059,1.0904,4.69935,18.72855
ENSG00000117632,1.5759,46.6316,3.85645,17.07185
ENSG00000118292,1.5628,2.6181,19.3489,1.12235
ENSG00000118508,9.1505,1.0266,28.81775,7.0537
ENSG00000118515,61.6865,2.3552,34.33235,149.2329
ENSG00000118520,29.0969,1.2118,1.07705,1
ENSG00000118785,11.3666,1,1.0059,1
ENSG00000119457,1,1,18.9793,1
ENSG00000119535,887.042,1.0882,214.5464,6.20125
ENSG00000119686,1.0613,1.1927,11.94345,1.0068
ENSG00000119917,286.5063,5.3761,36.3651,126.24465
ENSG00000119922,238.5307,9.0239,27.30455,90.30705
ENSG00000119943,1.0868,1.5834,1.283,163.467
ENSG00000120129,4742.97,44.9547,408.2355,1476.52
ENSG00000120279,1.571,1.0358,1.0428,27.27895
ENSG00000120306,233.6219,8.7988,31.25215,15.2305
ENSG00000120594,50.1794,1.0495,42.50305,10.6156
ENSG00000120708,2.8114,1.5892,160.73495,1.17725
ENSG00000120915,1.0497,19.2335,1.09185,1.038
ENSG00000120949,13.8579,1.0169,15.39825,1.4524
ENSG00000121064,24.7715,12.6756,179.18835,273.60805
ENSG00000121316,292.3489,1.4703,496.1122,2.3914
ENSG00000121552,146.3263,1.5217,406.163,8.4299
ENSG00000121691,165.023,66.9843,251.824,4066.18
ENSG00000121716,100.6261,2.368,30.34945,170.446
ENSG00000121807,3.3476,3.2859,119.4802,1.2984
ENSG00000121933,1.6791,1,2.0024,54.0967
ENSG00000122223,1.4647,3.9263,31.59045,95.0962
ENSG00000122224,1.823,90.7646,1.69895,1.26985
ENSG00000122406,29.8119,1085.6727,508.0626,80.05745
ENSG00000122547,30.5626,3.5108,5.5948,40.9925
ENSG00000122862,3307.12,147.879,791.7245,2236.625
ENSG00000122986,205.5781,24.8617,168.01715,560.7136
ENSG00000123146,322.673,74.8077,109.7133,615.8019
ENSG00000123240,1.9193,24.7499,2.7836,1.25735
ENSG00000123405,483.8612,1.3568,187.4088,188.1169
ENSG00000123610,118.25,1,7.35705,1.03415
ENSG00000123636,129.6403,6.2301,24.1749,30.81195
ENSG00000123685,3.0246,1.0404,10.85545,1.04365
ENSG00000123689,364.191,1.0165,1.732,6.5092
ENSG00000123700,22.9766,1.0478,3.45005,5.5161
ENSG00000123836,3.3378,1.4469,2.0056,15.1306
ENSG00000124019,1.0768,1.0396,3.3489,15.4099
ENSG00000124102,1076.19,1,1.26705,1.30595
ENSG00000124107,169.621,1,1.5065,1.0105
ENSG00000124233,1,1,1,15.7142
ENSG00000124243,2.2133,24.8016,1.2956,1.2402
ENSG00000124313,1.3473,1.086,9.4865,1.3261
ENSG00000124357,172.6097,41.4076,466.08795,176.69325
ENSG00000124491,13.9874,1.1718,116.90325,1.3457
ENSG00000124731,364.8503,1.1241,69.0516,2.649
ENSG00000124942,1.3442,15.2438,58.9308,1.1504
ENSG00000125245,1.8365,35.2485,2.3724,1.18405
ENSG00000125505,136.9401,2.6501,17.62425,193.15975
ENSG00000125538,55.6577,1.0076,9.7842,3.96345
ENSG00000125735,136.7636,5.2826,16.52575,102.70795
ENSG00000125780,16.2156,1,1,1.0216
ENSG00000125810,21.7854,1.0172,20.3393,1.01555
ENSG00000125844,6.0008,2.2681,7.146,30.49315
ENSG00000125900,20.7125,1.0245,20.08535,19.43205
ENSG00000126262,156.6396,1.0648,2.6084,69.0618
ENSG00000126353,9.1261,942.1087,5.4123,4.29125
ENSG00000126759,447.364,7.4988,993.0103,31.247
ENSG00000126883,827.731,7.4463,369.49825,141.38275
ENSG00000127507,41.4571,1.1655,11.3648,57.324
ENSG00000127951,178.419,2.6072,195.186,180.7215
ENSG00000127954,110.2331,1.0596,13.28475,1.10475
ENSG00000128383,89.0612,1.5356,183.34915,7.93355
ENSG00000128487,5.6348,2.3188,13.8091,29.47845
ENSG00000128604,2.7956,2.1486,34.64455,4.1698
ENSG00000128739,11.0012,327.6724,51.9715,94.04545
ENSG00000128918,24.2038,1,1.392,1.00555
ENSG00000129007,17.2267,1.1302,40.3758,1.05305
ENSG00000129226,142.0419,8.3721,2328.6732,8.7585
ENSG00000129450,127.1911,1.7485,168.3423,1.68015
ENSG00000129493,23.3399,3.1637,10.94095,42.24755
ENSG00000129657,253.273,7.6842,16.40585,37.60035
ENSG00000130066,2234.8605,59.836,588.90925,427.06665
ENSG00000130167,19.9219,1,2.6522,17.3083
ENSG00000130598,22.8895,1.0355,5.73925,35.2655
ENSG00000130830,109.0205,6.0881,73.17035,178.9131
ENSG00000131203,3.8562,1.1215,2.2869,378.7214
ENSG00000131355,310.946,1.1113,19.5364,388.29365
ENSG00000131389,35.3946,2.6172,8.653,7.84405
ENSG00000131634,1.8065,60.1458,1.58845,1.05205
ENSG00000131669,1150.77,46.8368,233.545,592.299
ENSG00000131981,16.7266,8.458,524.8906,23.895
ENSG00000132334,471.3402,11.0665,135.00555,119.69115
ENSG00000132514,2.0567,1.0497,27.76705,1.0771
ENSG00000132965,3434.2925,329.317,307.32445,3160.8723
ENSG00000133048,235.4173,1,1.2512,1.0404
ENSG00000133134,1.2845,39.4637,1.39845,1.1388
ENSG00000133246,35.5112,1.0727,81.60255,2.15385
ENSG00000133317,4.9013,1.0178,22.6178,431.30265
ENSG00000133318,651.4017,30.3876,279.69545,420.25815
ENSG00000134072,1.3029,1.087,12.3386,133.33535
ENSG00000134256,1.155,1.5678,17.34685,82.00335
ENSG00000134285,2.3568,48.9479,1.7631,1.3086
ENSG00000134321,12.7605,2.8559,4.14925,30.04555
ENSG00000134463,3.0728,1.1653,2.55145,13.8288
ENSG00000134489,1.4362,1.0854,1.065,54.02025
ENSG00000134686,54.1999,2.5547,7.1354,3.5497
ENSG00000134755,3.4153,1.0072,2.65435,20.7495
ENSG00000134802,8.1112,10.4342,80.16925,18.79125
ENSG00000134830,19.4213,1.2226,3.2811,10.16475
ENSG00000134954,1.3947,21.3573,1.08735,6.151
ENSG00000134955,1.5812,1.1104,10.2978,1.02915
ENSG00000135046,71.8315,158.0851,916.2651,1992.56915
ENSG00000135074,42.8311,9.5476,12.0753,95.90225
ENSG00000135077,1.7365,6.5486,44.6973,1.13225
ENSG00000135218,6.3746,1.357,734.45485,1.581
ENSG00000135245,2.4203,6.95,7.3219,55.2301
ENSG00000135318,1.2169,11.8844,1.0366,1.04825
ENSG00000135404,430.2101,91.2362,477.1453,1578.50885
ENSG00000135426,2.9293,83.105,2.0679,1.23405
ENSG00000135604,38.4854,2.4663,50.13695,35.8311
ENSG00000135636,21.6553,1.0063,3.7815,1.0039
ENSG00000135678,2.1906,1.8821,19.84875,1.12955
ENSG00000135821,443.0202,17.9263,112.3268,353.2685
ENSG00000135838,232.3601,3.9587,98.79225,83.5107
ENSG00000135842,38.7715,1.8438,3.64575,9.6758
ENSG00000135916,3.3,39.9168,4.0969,255.7467
ENSG00000135929,57.8814,1.0558,120.6346,1.0151
ENSG00000136250,50.7036,4.1932,218.2637,78.51085
ENSG00000136404,75.9646,1.2378,26.93295,169.0511
ENSG00000136630,28.1851,1.0393,7.7254,18.0653
ENSG00000136689,130.2508,1.0376,53.22955,1.05505
ENSG00000136717,3.1978,153.1624,2.5277,1.2696
ENSG00000136732,14.2605,137.6212,26.6121,2.01725
ENSG00000136867,239.689,3.9607,222.223,19.12875
ENSG00000136869,53.6094,1.0674,51.3864,18.0611
ENSG00000136997,2.6862,88.7209,34.3425,1.1804
ENSG00000136999,17.6926,1,1.27335,50.8289
ENSG00000137078,3.1695,160.5018,2.08445,1.42155
ENSG00000137462,281.7039,1.3798,147.4394,1.2105
ENSG00000137486,27.7863,4.4744,52.3812,31.5547
ENSG00000137502,1.6069,10.2306,1.6192,1.44075
ENSG00000137575,1050.9803,69.025,403.64625,486.5284
ENSG00000137726,1.3496,1.0187,29.35965,1.00585
ENSG00000138061,2.958,1.0549,108.7301,1.0201
ENSG00000138185,35.8096,2.3297,34.06905,85.56145
ENSG00000138363,1.9833,42.3452,12.44115,1.162
ENSG00000138378,1.2897,57.0863,1.2662,1.0697
ENSG00000138449,209.7835,9.4368,90.7073,143.0993
ENSG00000138621,92.5763,10.5344,22.13815,117.44595
ENSG00000138678,49.9739,2.1184,28.7357,4.07105
ENSG00000138772,126.8132,1.0854,1.0931,1.043
ENSG00000138795,1.4827,43.4702,1.17905,1.0304
ENSG00000138801,27.0978,16.4837,39.16615,287.0705
ENSG00000139187,2.5781,22.0897,3.2675,1.92445
ENSG00000139193,3.3272,266.09,2.1664,1.60505
ENSG00000139318,147.5037,3.6736,396.77215,177.6297
ENSG00000139531,4.4215,1.4314,11.9398,22.0068
ENSG00000139679,1.8058,20.1276,62.74565,1.1305
ENSG00000140090,1.9915,1.0528,8.88355,1.04555
ENSG00000140105,117.1265,32.2335,375.7977,496.77475
ENSG00000140263,2.8657,2.6874,2.4216,52.2956
ENSG00000140526,31.5944,3.4709,10.65545,58.95845
ENSG00000140678,48.8456,1.5009,26.52285,25.0536
ENSG00000140749,747.6385,1.6671,219.8076,39.3261
ENSG00000140968,2.0653,4.4766,102.7735,4.1249
ENSG00000140988,54.8637,896.4983,374.6328,52.0369
ENSG00000141179,40.2884,6.3989,52.00955,192.22915
ENSG00000141293,2.0944,108.2404,1.62065,1.26665
ENSG00000141401,21.8599,1.0689,11.28415,22.9249
ENSG00000141505,2.727,1.2989,102.3075,1.34695
ENSG00000141574,105.6455,1.0355,29.59475,1.08405
ENSG00000142046,118.7384,3.3252,40.8331,3.98955
ENSG00000142089,849.4586,35.9934,482.0713,109.70135
ENSG00000142347,150.8134,6.7212,71.63155,75.7755
ENSG00000142405,18.9082,1.012,15.25985,18.69395
ENSG00000142494,1.2446,1.1016,1.7949,9.9659
ENSG00000142512,48.445,1.6632,34.1405,616.78585
ENSG00000142541,231.1873,5812.9394,1837.9548,512.70045
ENSG00000142657,191.7515,21.501,205.5501,882.73
ENSG00000142684,1.3917,38.4654,34.57495,1.13215
ENSG00000143162,32.3153,6.1011,98.78935,64.79285
ENSG00000143226,1320.929,1.6289,283.6875,344.80245
ENSG00000143409,62.7534,3.0146,8.15515,46.11875
ENSG00000143537,2.1606,3.2991,34.3567,1.04555
ENSG00000143546,32886.846,18.3389,17482.1955,2231.47605
ENSG00000143878,16.1378,1.0509,3.2072,16.99825
ENSG00000145247,5.0069,152.0166,3.78435,53.8055
ENSG00000145335,5.1868,1.3046,55.65715,1.1086
ENSG00000145416,1.2159,1.1054,32.91575,20.59165
ENSG00000145491,74.1286,2.2515,1.6796,49.95775
ENSG00000145649,6.4263,71.2197,3.0418,3.5485
ENSG00000145990,1.235,1.61,1.37255,13.07955
ENSG00000146070,1.0897,1.0196,35.4242,1.0384
ENSG00000146094,72.5113,1.1645,50.73215,46.9171
ENSG00000146192,1.056,1.1077,16.6004,2.1533
ENSG00000146285,4.5187,53.7213,1.23695,3.1215
ENSG00000146592,133.167,1.0282,21.94835,1.0317
ENSG00000147394,13.1637,1.8069,21.995,6.5877
ENSG00000147403,206.6895,6038.13,2922.68115,483.21375
ENSG00000147443,21.359,138.2155,428.0246,1299.4001
ENSG00000147454,32.4858,1.904,3.5503,3.58065
ENSG00000147459,18.3803,1.0927,2.91355,3.95695
ENSG00000147872,2.4385,48.9088,80.8654,476.186
ENSG00000148180,165.5165,2.1984,81.1513,869.91765
ENSG00000148655,1.6536,1.074,50.71755,19.9598
ENSG00000148926,134.4249,1.023,6.16215,1.04005
ENSG00000149131,22.4649,1,16.44395,1
ENSG00000149269,303.2765,10.6654,146.36305,240.005
ENSG00000149798,117.586,1.0104,42.7439,1.1231
ENSG00000150337,55.8103,1.0397,106.0613,1.1349
ENSG00000150347,1.8006,17.0309,1.8301,1.6676
ENSG00000150540,3.4124,1.2522,95.1631,1.45965
ENSG00000150681,109.163,1.2435,41.17355,300.9125
ENSG00000151135,1.4632,16.8107,2.10895,2.0197
ENSG00000151651,66.6261,9.7828,22.00655,212.85815
ENSG00000151689,3.2839,4.2982,7.63545,73.12305
ENSG00000151725,1,1.4776,1.6168,13.38395
ENSG00000151726,245.7192,3.2103,42.0818,16.03755
ENSG00000151948,22.6123,1,5.8874,1
ENSG00000152207,1.1884,1.2016,2.95615,79.80095
ENSG00000152229,6.9064,6.3617,19.3067,98.8881
ENSG00000152804,20.6774,1.1517,32.8138,51.40255
ENSG00000153283,2.6443,61.0119,1.44455,10.58645
ENSG00000153823,1.0706,1.0365,53.1514,1.05935
ENSG00000154016,2.0074,66.4012,9.03355,1.1881
ENSG00000154328,1.5023,13.3909,2.74595,1.05565
ENSG00000154511,1.1604,21.8994,2.3524,1.07715
ENSG00000154589,344.6483,7.7653,79.73585,1.1211
ENSG00000154928,17.898,1.0283,1.01135,1.0767
ENSG00000155307,30.3615,23.0999,31.0232,190.915
ENSG00000155465,18.7091,1.5658,214.69835,1.2718
ENSG00000155659,1.3851,1.0098,11.83205,1.0122
ENSG00000156675,68.483,3.9697,16.19845,32.4422
ENSG00000156738,2.0587,5.0925,1.5244,1.35735
ENSG00000157168,1.7555,1.0738,32.54665,1.0863
ENSG00000157368,1.0079,1,1,13.26325
ENSG00000157404,1.8153,1.027,1.00815,12.9976
ENSG00000157551,217.2517,1.0637,15.32855,1.08155
ENSG00000157978,2.5854,44.4192,6.3223,1.10935
ENSG00000158050,3.8467,24.0514,4.4726,1.2172
ENSG00000158062,4.5059,12.1202,82.478,3.92085
ENSG00000158156,61.7991,12.3174,10.25425,163.5643
ENSG00000158473,3.6426,1.164,115.6981,1.1249
ENSG00000158517,1391.6656,13.518,524.8372,1092.19645
ENSG00000158769,74.9859,8.3952,26.20295,128.39965
ENSG00000158825,753.799,1.1909,169.7945,351.535
ENSG00000158869,1016.1929,9.1779,2551.011,249.07805
ENSG00000159231,1.4183,18.8606,1.4296,1.03815
ENSG00000159339,123.6935,2.1826,64.59765,73.7022
ENSG00000159399,8.0329,1.8554,11.9886,43.5581
ENSG00000159496,307.4325,64.8841,3.32435,313.1801
ENSG00000159618,1.0268,7.758,1.1116,110.4207
ENSG00000159713,5.6588,1.0162,21.17015,6.15975
ENSG00000160013,1.7739,1.221,27.14895,1.02345
ENSG00000160211,102.6633,16.4072,65.97225,324.0188
ENSG00000160588,60.3977,7.4949,5.7695,78.9906
ENSG00000160593,1301.7364,84.1985,734.3778,2978.97575
ENSG00000160654,6.2635,118.6024,1.8956,1.7958
ENSG00000160818,1.1147,21.7861,9.7315,1.09615
ENSG00000160883,14.7862,1.1767,72.75055,157.97195
ENSG00000161040,23.5145,1.025,1.02905,10.09175
ENSG00000161055,1,1.0672,1.3713,12.4638
ENSG00000161533,71.679,6.9955,15.5042,5.33165
ENSG00000161638,46.218,7.0615,52.52315,1.16295
ENSG00000161642,2.121,1.0576,23.04565,1.05015
ENSG00000161905,1.6704,1.0594,1.1276,423.39505
ENSG00000161921,60.7159,2.388,53.6045,14.7574
ENSG00000161929,13.983,2.3595,89.93795,3.2137
ENSG00000161944,1.1065,1.0368,86.5914,1.0507
ENSG00000161955,36.529,2.384,326.8008,138.5477
ENSG00000162174,11.666,2.5823,54.4085,195.0611
ENSG00000162444,193.184,1.0485,248.256,2.01385
ENSG00000162496,2.508,41.4077,1.71455,1.12445
ENSG00000162551,150.7494,1.0352,1.05635,4.5755
ENSG00000162711,6.5929,1.5257,26.9175,1.0515
ENSG00000162739,1.9846,29.8227,1.2332,20.49955
ENSG00000162747,4244.5019,1.8282,2.6977,10.6634
ENSG00000162881,13.7867,1.0179,2.5677,111.2005
ENSG00000162894,32.3778,361.155,2.91335,1.9837
ENSG00000163053,1,1.01,1.0015,11.7398
ENSG00000163131,722.1011,47.9653,1551.88375,165.96955
ENSG00000163162,288.455,24.0872,55.9849,73.0761
ENSG00000163170,2.1428,61.1974,13.87615,3.6357
ENSG00000163191,11543.2,366.837,3651.19,5748.45
ENSG00000163220,16503,16.5564,12893.05,2050.05
ENSG00000163221,685.089,1.7003,819.888,1.3621
ENSG00000163235,15.129,1.2869,1.64495,19.4616
ENSG00000163421,180.5688,1.069,6.49465,3.3848
ENSG00000163453,1.0216,1,3.6109,10.0081
ENSG00000163464,734.768,1.3747,2.7675,2.2994
ENSG00000163519,2.4534,87.0396,1.35025,1.1366
ENSG00000163563,3744.7432,3.2097,995.58105,211.4651
ENSG00000163564,2.6667,16.391,1.25915,1.37555
ENSG00000163644,2.8859,43.7682,8.53975,6.0599
ENSG00000163694,82.6737,1.2587,32.66505,1.13025
ENSG00000163736,48.233,1.8265,3.1972,5.6241
ENSG00000163737,11.0184,1.1231,1.60055,1.34235
ENSG00000163739,31.5941,1,1.05655,1
ENSG00000163823,36.6544,1.2238,98.00315,23.20425
ENSG00000163931,212.8203,20.9097,286.27385,226.43155
ENSG00000163932,31.1584,3.4783,63.0574,33.24295
ENSG00000163964,13.775,3.2968,6.73125,56.9078
ENSG00000163993,1812.08,1.4656,34.42985,712.1745
ENSG00000164047,225.7925,1.0396,6.21735,78.98495
ENSG00000164125,1.1679,1.0222,28.96125,1.03005
ENSG00000164251,27.1369,2.1446,9.0378,2.4243
ENSG00000164305,23.4969,23.3231,22.5967,342.40965
ENSG00000164483,2.2179,27.532,1.1989,1.1653
ENSG00000164512,1.3355,1.1293,1.19345,16.3441
ENSG00000164733,53.0974,30.3024,487.99225,79.31645
ENSG00000164849,1.0655,2.2947,1.0985,77.4481
ENSG00000165025,63.8623,1.2237,60.667,67.51745
ENSG00000165030,18.643,1.0808,2.36825,11.5333
ENSG00000165092,2.9623,1.0332,64.35695,1.03805
ENSG00000165140,9.3023,5.4308,59.18415,326.73225
ENSG00000165168,16.1629,1.5548,150.676,82.0415
ENSG00000165272,1.7594,46.207,1.35115,1.05775
ENSG00000165457,1.0919,1.0502,57.07775,1.0267
ENSG00000165702,2.4295,1.0831,1.12085,326.08855
ENSG00000165929,1.2056,27.6099,1.13975,1.08925
ENSG00000166002,43.4882,7.5181,233.8722,7.27565
ENSG00000166165,1.2657,1.0807,1.2584,14.8517
ENSG00000166171,1.0529,2.1269,17.32515,1.0129
ENSG00000166289,1.7091,40.2233,1.8123,1.0638
ENSG00000166313,1.0821,28.298,2.13085,1.09965
ENSG00000166428,2.5515,2.0586,41.43165,536.44175
ENSG00000166523,324.6916,1.0479,108.01925,1.10475
ENSG00000166527,54.0848,1.0094,50.40495,1.017
ENSG00000166825,84.6671,1.0615,33.73415,36.0616
ENSG00000166900,41.0629,2.3279,4.2951,54.8276
ENSG00000166927,7.805,1.8225,158.1653,1.38845
ENSG00000167207,5.9061,1.0822,20.2614,5.46885
ENSG00000167261,188.0329,24.2995,60.31845,691.19925
ENSG00000167286,14.2408,1019.2699,4.7031,3.78535
ENSG00000167434,60.1615,1,1,13.6151
ENSG00000167526,133.2659,6463.6757,2246.59855,342.37415
ENSG00000167600,1.0526,1.0215,20.65325,1.0364
ENSG00000167775,2.1723,74.0411,3.4888,1.118
ENSG00000167779,1,1.7131,1.03735,25.1153
ENSG00000167850,3.9625,1.2247,108.57445,6.19995
ENSG00000167851,336.6916,16.4371,133.31895,397.33125
ENSG00000167995,23.3992,1.1688,3.588,2.9055
ENSG00000168004,1,1,1.00985,15.1164
ENSG00000168028,15.6548,826.5941,172.37675,44.06385
ENSG00000168118,1.7403,3.0652,4.81935,26.81915
ENSG00000168209,13.9647,151.5605,8.1099,46.2311
ENSG00000168234,1.956,25.9116,5.71945,1.20725
ENSG00000168329,11.8297,4.9691,76.5286,2.2031
ENSG00000168389,1.0354,1.0389,11.27945,1.4542
ENSG00000168421,3.2375,170.5555,1.6394,136.234
ENSG00000168461,48.0729,1.2834,46.03225,15.7457
ENSG00000168685,5.4702,121.9723,2.1588,1.9114
ENSG00000168734,2.1011,8.082,2.3953,1.28345
ENSG00000168765,2.0414,10.8968,11.8513,273.2897
ENSG00000168995,78.0348,1.2367,104.1406,167.7598
ENSG00000169122,1.1919,1.0164,2.14805,10.59615
ENSG00000169136,3.7607,2.1416,21.61165,1.677
ENSG00000169245,1.5189,1.0195,18.40215,1.0172
ENSG00000169385,3.3959,1.1281,85.8737,777.07
ENSG00000169397,3.2074,1.0115,7.70275,214.20385
ENSG00000169403,475.663,1.7185,191.64715,731.30915
ENSG00000169413,136.745,10.4558,439.032,9.9785
ENSG00000169429,294.1991,1,1.4767,1.08445
ENSG00000169896,37.1708,3.6266,45.47865,56.2417
ENSG00000170006,331.2755,12.8296,28.2656,246.30045
ENSG00000170275,19.5868,29.9841,298.4961,25.61245
ENSG00000170345,347.5631,1.1354,53.52445,87.5101
ENSG00000170458,599.884,4.0988,2733.82605,8.48795
ENSG00000170909,20.7394,1.0682,36.5996,24.8343
ENSG00000170955,1.0181,1.0107,12.76845,1.0197
ENSG00000170956,190.8686,1,4.74745,1.0125
ENSG00000170989,11.2344,354.2639,2.76675,44.86465
ENSG00000171049,649.6936,1.1634,88.4551,4.5527
ENSG00000171051,2564.3583,1.5919,563.45255,163.90555
ENSG00000171115,4.3158,12.5713,37.13,1.0609
ENSG00000171130,1.6724,51.195,8.22105,2.4712
ENSG00000171223,356.889,24.9116,93.45965,102.9372
ENSG00000171236,164.26,1.206,5.85295,12.61545
ENSG00000171298,12.9825,3.273,50.82755,18.20695
ENSG00000171476,3.6428,47.467,1.7864,2.29105
ENSG00000171643,8.6626,1.0608,31.97815,27.2081
ENSG00000171657,1.2147,1.0583,1.36175,30.0521
ENSG00000171659,1.4946,1.2445,6.19065,91.92495
ENSG00000171777,21.8723,1.0354,11.22805,15.3889
ENSG00000171860,6.7951,2.7817,82.53845,350.3545
ENSG00000172005,2.1147,72.9062,1.3572,1.123
ENSG00000172197,23.3892,3.2545,23.6447,49.65955
ENSG00000172243,152.9885,1.2137,98.9616,2.10585
ENSG00000172322,7.2465,1.1327,116.96885,150.42265
ENSG00000172543,5.4059,66.2655,3.63475,5.20385
ENSG00000172673,1.4366,27.7162,1.18675,1.05885
ENSG00000172794,52.3523,16.0835,11.7817,176.07275
ENSG00000173083,9.2776,1.9353,24.4528,1.05895
ENSG00000173110,212.62,1.1444,24.1561,10.9581
ENSG00000173198,25.6505,6.6082,14.3989,72.22365
ENSG00000173281,36.2409,2.3688,2.2028,15.30995
ENSG00000173535,2181.1,1.209,22.1733,404.4925
ENSG00000173638,40.3847,2.2375,16.19875,17.7307
ENSG00000173762,1.5482,34.3212,1.29085,1.11245
ENSG00000173801,1.1078,1.1577,7.4676,24.6952
ENSG00000173868,303.1891,1.0802,1.5678,138.5326
ENSG00000174007,91.4539,7.172,4.48165,48.90675
ENSG00000174099,5.3985,1.1654,1.34575,34.1097
ENSG00000174125,58.5575,3.9776,17.77445,8.28355
ENSG00000174444,15.5076,545.9258,283.02975,52.4326
ENSG00000174837,4.6259,1.5539,15.96445,267.3073
ENSG00000174944,6.6882,1.4696,1.3939,215.32425
ENSG00000175130,11.6295,10.251,4.8535,78.3174
ENSG00000175471,27.0766,1.084,23.3107,12.06475
ENSG00000175489,333.458,1.6973,255.62095,281.238
ENSG00000175538,31.1347,1.1428,32.49765,18.7903
ENSG00000175591,1.0605,1.0151,5.6709,44.3013
ENSG00000175857,44.9821,1.5156,53.61215,845.0019
ENSG00000176788,79.5846,1.0611,3.12405,22.5109
ENSG00000177156,2194.9597,98.1013,859.26845,2332.9596
ENSG00000177191,98.5953,1.1455,13.40755,84.46805
ENSG00000177575,1.4493,1.0234,59.88315,1.02565
ENSG00000177674,446.9496,48.0906,749.44685,535.9964
ENSG00000177721,1.5976,51.9531,3.9692,2.25145
ENSG00000177917,15.8076,13.4539,8.4861,146.805
ENSG00000177954,1187.07,39759.2,8769.945,4638.3
ENSG00000177989,36.7627,1.9709,77.85085,5.37085
ENSG00000178623,1.2556,1.164,33.8709,23.9758
ENSG00000178726,17.5838,1.007,4.20305,1.0133
ENSG00000178789,17.1609,1.0192,25.0385,61.5809
ENSG00000179715,4.0426,48.3845,1.8547,3.1815
ENSG00000179820,118.9646,11.2154,37.51165,141.89135
ENSG00000179921,1.9151,1.353,231.4275,1.3932
ENSG00000180096,3.0501,231.242,2.92925,75.6304
ENSG00000180316,4.5327,1.0761,3.9176,16.9514
ENSG00000180573,1005.475,30.698,29.3618,270.54655
ENSG00000180596,633.938,11.3304,8.35975,37.68765
ENSG00000180644,5.7144,41.7363,2.5026,1.46965
ENSG00000180767,22.308,1.03,27.7048,125.5343
ENSG00000180817,2.1614,80.7773,60.07465,2.0644
ENSG00000180871,1894.3501,1.6319,24.1759,33.74175
ENSG00000180953,208.2908,9.3402,16.2823,80.14035
ENSG00000181163,26.8681,705.3436,220.06205,79.0856
ENSG00000181274,37.2303,2.2812,7.2195,14.0924
ENSG00000181444,29.485,1.1645,9.3829,4.2395
ENSG00000181631,325.067,1.2916,126.9675,114.7242
ENSG00000181847,1.5062,10.202,1.12765,1.0691
ENSG00000182022,43.8025,1.0649,17.20055,13.6513
ENSG00000182247,1.0541,7.5955,37.69695,1.15495
ENSG00000182287,25.9582,21.2308,257.8842,27.38875
ENSG00000182511,60.6774,1.5497,121.3665,238.12555
ENSG00000182557,1.4574,1.2137,5.7372,282.368
ENSG00000182566,1.1957,1.0285,14.3502,1.0051
ENSG00000182578,15.8671,1.1533,112.11895,4.7472
ENSG00000182718,39.984,392.6912,1899.5235,258.2062
ENSG00000182782,99.0842,1.0123,2.3579,2.6077
ENSG00000182809,1.5023,16.5619,1.97085,1.03
ENSG00000182866,10.2136,1008.8982,4.98445,3.9014
ENSG00000182885,90.5717,1.0187,1,113.9507
ENSG00000183019,24.1118,1.0225,82.0255,1.022
ENSG00000183023,21.5311,1.0082,6.9486,1.0095
ENSG00000183049,18.2341,4.909,4.61665,47.47105
ENSG00000183134,1.2187,1.0644,1.0922,181.2295
ENSG00000183386,19.462,2.6349,23.6926,255.9705
ENSG00000183625,73.727,1.6068,1.58985,2200.57755
ENSG00000183688,26.071,5.8214,7.5216,63.1693
ENSG00000183918,2.081,80.6156,1.36585,1.1008
ENSG00000184060,1.9296,1.0847,18.91545,1.03605
ENSG00000184162,2.3637,34.2393,13.3781,1.24665
ENSG00000184220,3.2473,36.3401,10.7561,2.82125
ENSG00000184221,1.3683,1.0043,2.97125,28.6917
ENSG00000184292,2.4069,1,1.0126,13.3997
ENSG00000184371,2.0086,1.0089,1.00935,16.77445
ENSG00000184574,1.3445,25.0914,1.2609,1.03435
ENSG00000184613,1.5135,26.3001,1.16385,1.0757
ENSG00000184678,44.942,2.5889,4.8633,7.5315
ENSG00000184702,4.3258,1,1.07155,13.9009
ENSG00000185201,15217.6714,484.4937,399.9801,2962.3007
ENSG00000185215,35.7485,1.1035,14.8773,7.51465
ENSG00000185291,3.6335,1.8225,4.6155,47.47925
ENSG00000185339,1.0818,1.036,32.9301,1.05245
ENSG00000185432,2.0395,2.7524,28.38545,60.3765
ENSG00000185650,2153.7026,159.1565,204.3718,2.1916
ENSG00000185909,5.7898,1.3871,5.16275,21.7937
ENSG00000186074,47.7506,1.0969,77.037,187.2471
ENSG00000186204,1.0342,1,1,11.76895
ENSG00000186205,37.2542,1.086,28.2726,10.59855
ENSG00000186265,1.0948,14.2074,1.07145,1.04685
ENSG00000186364,1.0151,1.8506,1.80215,15.25855
ENSG00000186407,1.4441,1.0843,65.89135,1.2091
ENSG00000186468,40.8724,1309.1285,617.1146,106.8949
ENSG00000186529,55.5242,1.0361,1.3518,2.25765
ENSG00000186792,1.682,2.3456,4.11975,43.86495
ENSG00000186810,2.0997,43.7121,1.2565,1.11655
ENSG00000186854,1,18.0173,1.3381,1
ENSG00000187098,1.0426,1.0034,8.03815,1
ENSG00000187116,91.0707,1,82.10855,1.2111
ENSG00000187164,1.138,1.0133,15.2434,1.0361
ENSG00000187554,5.6549,1.475,26.1995,1.01905
ENSG00000187796,2.1581,1,27.9418,9.52885
ENSG00000187837,159.092,27.7973,10.7866,323.57
ENSG00000188305,27.4867,1.1364,3.8202,9.9477
ENSG00000188315,22.2906,2.0945,5.3301,4.66775
ENSG00000188536,352.6727,5.0187,26.30975,155.92015
ENSG00000188822,1.8103,3.236,1.1174,28.62435
ENSG00000188906,33.2006,1.0236,7.144,2.91965
ENSG00000189068,2.2443,1.0126,4.6906,86.5285
ENSG00000196083,52.9292,2.6182,4.05115,20.7594
ENSG00000196189,123.9487,3.0791,104.38505,99.6003
ENSG00000196209,35.0677,1.0621,40.89665,28.7082
ENSG00000196502,135.5518,1.8652,187.395,5.8319
ENSG00000196549,83.3922,1.0247,1.05225,1.0185
ENSG00000196562,23.0418,1.0652,18.63535,1.27375
ENSG00000196923,277.316,4.8375,42.17695,100.0978
ENSG00000197208,16.7813,1.0155,5.6267,6.33775
ENSG00000197249,1384.2871,4.0155,1615.66375,416.50545
ENSG00000197321,142.2279,8.9441,9.42225,43.107
ENSG00000197405,189.44,1.2718,35.7892,33.98705
ENSG00000197540,5.8582,150.5068,2.11385,2.12735
ENSG00000197629,24.2261,1.3399,184.257,7.98855
ENSG00000197746,2019.9406,334.4337,6566.4028,891.80345
ENSG00000197766,16.9633,5.6507,29.351,89.4964
ENSG00000197852,21.8071,1.0792,2.14725,1.953
ENSG00000197872,123.3489,9.8262,83.49465,113.5102
ENSG00000197943,42.4348,3.0241,10.06915,61.45445
ENSG00000197965,110.1064,5.9881,22.8915,15.94465
ENSG00000198019,24.5078,1,21.2046,1.03055
ENSG00000198034,33.01,1556.69,678.094,135.374
ENSG00000198053,23.3398,1.033,18.7065,41.6002
ENSG00000198121,2.222,1.0042,7.384,15.98655
ENSG00000198223,190.4872,1.2817,136.23645,168.9442
ENSG00000198242,131.9824,4974.1487,1529.55265,495.1909
ENSG00000198736,1851.1929,21.2084,355.59855,1134.454
ENSG00000198755,46.1208,2176.72,941.056,90.3485
ENSG00000198814,116.8267,3.368,19.2758,7.61185
ENSG00000198821,3.3412,186.8395,1.77565,1.30445
ENSG00000198832,5.138,128.2351,10.5948,5.20075
ENSG00000198848,1.1416,1.3255,66.0887,1.0325
ENSG00000198851,3.4599,369.9025,2.37075,2.12545
ENSG00000198858,261.1876,23.8985,11.3074,78.5309
ENSG00000198892,2.4447,1.0223,2.03015,10.47375
ENSG00000198951,6.2542,10.4129,158.57005,16.7974
ENSG00000203747,532.2969,3.799,16.911,7.093
ENSG00000203814,19.7915,1.3904,1.6866,1
ENSG00000203896,5.6124,258.1074,2.17565,1.65375
ENSG00000204103,1.5117,1.0272,18.7639,1.029
ENSG00000204136,1.1288,1.0105,17.2744,1.0044
ENSG00000204160,27.2728,1.7297,1.4051,8.66215
ENSG00000204161,11.1087,7.5455,4.38175,213.39485
ENSG00000204472,1754.8502,10.6712,3055.8802,89.58335
ENSG00000204475,1.1403,26.5173,1.50975,1.0182
ENSG00000204482,672.3429,12.6716,416.03925,569.24745
ENSG00000205927,1.0392,1,1.0121,9.2845
ENSG00000211592,28.1426,25.2338,47.47125,22.8411
ENSG00000211593,6.2157,8.5621,2.87835,6.2562
ENSG00000211594,16.0071,29.4912,60.6796,17.35775
ENSG00000211595,1,9.5595,6.94125,4.84735
ENSG00000211596,17.9906,17.9959,20.83755,10.90145
ENSG00000211597,19.8421,25.9746,43.50745,18.17745
ENSG00000211598,1.0476,2.9607,3.4298,2.53465
ENSG00000211648,1.2982,1.8679,1.8535,1.6018
ENSG00000211651,1,1.021,1.03195,1.00455
ENSG00000211666,2.5714,20.8127,4.5164,2.576
ENSG00000211668,2.2999,4.1979,1.9955,1.575
ENSG00000211675,4.0863,3.788,6.78335,2.80735
ENSG00000211687,1,18.2993,1,1
ENSG00000211690,1,18.2993,1,1
ENSG00000211710,2.663,63.3839,1.141,1.09785
ENSG00000211721,1.4496,45.9868,1.1078,1.06915
ENSG00000211724,1.0663,16.171,1,1
ENSG00000211725,1.0852,18.0262,1.0118,1.01405
ENSG00000211727,1.9393,22.1542,1,1
ENSG00000211728,1.1006,20.8276,1.04655,1.03045
ENSG00000211734,1.7725,75.6063,1.31255,1.102
ENSG00000211747,1.424,4.2002,1.14675,1.1376
ENSG00000211751,13.7397,1172.45,6.18545,5.1064
ENSG00000211752,1.1592,36.175,1.1063,1.0866
ENSG00000211753,1.7535,53.688,1.3039,1.06375
ENSG00000211764,4.5515,723.408,2.89125,2.4384
ENSG00000211765,4.3535,272.663,1.3688,1.27985
ENSG00000211766,10.2525,624.838,4.65595,3.2994
ENSG00000211767,16.3653,985.035,6.07325,4.6984
ENSG00000211768,2.1838,177.119,1.70605,1
ENSG00000211769,3.6621,336.844,1,2.67975
ENSG00000211770,2.0028,89.8415,1,1.228
ENSG00000211771,29.7276,1791.11,4.4188,6.7375
ENSG00000211772,1.842,27.5244,1,1
ENSG00000211777,1.2491,33.2998,1.1054,1.0421
ENSG00000211778,1.1418,58.0105,1.21515,1.10685
ENSG00000211779,1.1686,32.2052,1.05655,1.1248
ENSG00000211784,1,27.1407,1.0415,1.0451
ENSG00000211785,2.3823,88.1778,1.36475,1.1079
ENSG00000211786,1.28,77.4493,1.23445,1.07085
ENSG00000211787,2.2266,52.8909,1.27505,1.33595
ENSG00000211788,4.3486,121.748,1.50115,1.1564
ENSG00000211789,1.7263,60.0402,1.0766,1.1105
ENSG00000211790,1.2859,78.7945,1.27255,1.08745
ENSG00000211791,1.278,66.5816,1.20985,1.05085
ENSG00000211792,1,29.359,1.0445,1.03715
ENSG00000211793,1.4263,40.0096,1.33715,1.1261
ENSG00000211794,1.934,56.6064,1.29505,1.1371
ENSG00000211795,1.2778,44.5439,1.15535,1.01125
ENSG00000211796,1.0917,22.1666,1,1
ENSG00000211797,1.1362,48.4089,1.19905,1
ENSG00000211800,1.5982,75.9326,1.2839,1.13735
ENSG00000211801,2.4526,139.538,1.5437,1.11105
ENSG00000211803,1.1394,20.5074,1.05685,1
ENSG00000211805,1.2779,21.7945,1.0304,1
ENSG00000211809,1.141,38.7159,1.04805,1.0402
ENSG00000211810,1.5899,63.2979,1.23495,1.1004
ENSG00000211812,1,32.6584,1.16755,1
ENSG00000211816,1.0892,20.1883,1.0332,1
ENSG00000211817,1.1932,93.5589,1.26305,1.0787
ENSG00000211818,1.0485,21.4082,1,1
ENSG00000211820,1.7704,21.4021,1.09805,1.0229
ENSG00000211833,1,19.1298,1,1
ENSG00000211834,1.6819,44.7959,1,1
ENSG00000211835,1,22.3616,1,1
ENSG00000211836,1,84.5096,1,1
ENSG00000211837,1,37.3632,1,1
ENSG00000211838,1,60.1223,1,1
ENSG00000211840,1,127.318,3.29635,1
ENSG00000211841,3.1148,57.7404,1,1
ENSG00000211842,1,49.8721,1,1
ENSG00000211844,2.1597,97.0527,1,1
ENSG00000211845,1.6819,66.3463,1,1
ENSG00000211846,3.9175,138.941,1.513,1
ENSG00000211847,1,86.213,1,1
ENSG00000211848,1,61.5572,1,1
ENSG00000211849,2.9697,82.7688,1.84365,1.3564
ENSG00000211850,1,70.006,1,1
ENSG00000211851,1,43.8687,1,1
ENSG00000211854,1,41.7307,1,1
ENSG00000211855,1,90.6123,1.5097,1
ENSG00000211856,2.1487,96.1562,1.5695,1.9108
ENSG00000211857,2.2469,115.768,1.39255,1
ENSG00000211858,1,67.2254,1,1
ENSG00000211859,1,73.2459,1,1
ENSG00000211860,2.0207,55.5015,1,1
ENSG00000211861,1,48.0209,1,1
ENSG00000211862,1,75.6162,1,1.454
ENSG00000211863,1,64.6587,1,1
ENSG00000211865,1,34.5206,1,1
ENSG00000211866,1,72.6265,1,1
ENSG00000211867,1,50.0012,1,1
ENSG00000211868,1,44.8946,1,1
ENSG00000211869,1,108.526,1,1
ENSG00000211871,1,50.6825,1,1
ENSG00000211872,1,54.9164,1,1
ENSG00000211873,1,32.2288,1,1
ENSG00000211876,1,40.9145,1,1
ENSG00000211877,1,89.9847,1,1
ENSG00000211878,1,38.663,1,1
ENSG00000211879,1,96.0209,1,1
ENSG00000211880,1.9849,89.5393,1,1
ENSG00000211882,1,27.7462,1,1
ENSG00000211883,1.7047,84.001,1.4757,1
ENSG00000211884,1,79.934,1,1
ENSG00000211885,1.9212,111.087,1,1
ENSG00000211886,1,110.186,1,1.40565
ENSG00000211899,13.213,8.2552,4.73535,5.3238
ENSG00000211955,1,2.7143,1.4782,1
ENSG00000213316,1.1278,1.6972,1.4664,54.5871
ENSG00000213339,1.4038,30.2904,15.42155,1.0575
ENSG00000213402,14.4924,940.745,6.21435,50.80475
ENSG00000213413,1.5046,133.662,1.52845,1.1593
ENSG00000213626,2.2439,91.532,1.54245,1.85985
ENSG00000213658,7.1202,244.4598,2.06215,1.52875
ENSG00000213722,16.7576,6.1905,14.33845,109.7803
ENSG00000213903,59.2497,1.5287,32.0077,31.1984
ENSG00000214063,2.5013,6.4637,109.60025,1.10415
ENSG00000214212,141.086,3.5623,215.2912,138.8335
ENSG00000214274,1.0319,1.6912,23.1352,1
ENSG00000215148,1,1,1.0147,8.5356
ENSG00000216490,1196.865,33.1909,7479.7195,3093.12625
ENSG00000221869,40.3544,1.0346,17.47405,6.986
ENSG00000221946,1.6958,13.0265,1.0789,1.0548
ENSG00000226660,1.1427,43.459,1.1021,1.0166
ENSG00000229183,1,1,9.87325,1
ENSG00000229314,98.8061,1,2.20895,1.03955
ENSG00000230099,1.0476,20.8783,1.16055,1.04025
ENSG00000231500,98.1954,3857.4021,1416.51815,193.59915
ENSG00000232869,1.3324,78.2482,1.3942,1.0894
ENSG00000235162,3.5681,34.3772,1.45885,1.78865
ENSG00000235169,3.04,2.9068,2.48625,42.40225
ENSG00000235568,55.9372,1.068,40.03495,2.9923
ENSG00000237702,1.1571,38.7348,1.111,1.1591
ENSG00000239672,1.7497,52.3722,49.044,1.20525
ENSG00000239951,1.8975,1.9095,2.22425,1.57685
ENSG00000239998,23.8496,1.1307,5.5914,3.61105
ENSG00000241343,28.546,986.74,422.79985,86.064
ENSG00000241399,15.1246,1.0333,27.69825,24.4458
ENSG00000242114,1.3599,33.7669,12.98695,1.0332
ENSG00000242616,298.834,14.0984,46.13615,64.66395
ENSG00000243477,1.5509,8.1167,3.2773,42.05995
ENSG00000244115,37.1955,2.553,6.31065,8.43075
ENSG00000244437,1,2.4175,3.4276,1.8797
ENSG00000244734,153.5178,3.1332,21.4459,41.461
ENSG00000254415,137.704,1.2388,83.7568,1.93005
ENSG00000254470,16.2448,1.2181,2.35505,1.26405
ENSG00000255398,95.4641,1.0294,2.6617,1.11035
ENSG00000256045,291.177,16.569,30.7249,96.2565
ENSG00000256553,1.909,33.1884,1.66785,1.434
ENSG00000257017,11.1468,1.01,41.1035,66.51235
ENSG00000257767,2.7429,1.1865,68.0329,18.37135
ENSG00000258227,1.268,1,7.57455,1.00315
ENSG00000258818,1.2171,1.679,19.82355,1.10215
ENSG00000260861,58.7211,1.0403,27.3072,49.0282
ENSG00000260916,191.4161,13.9388,48.156,231.22475
ENSG00000261052,1.6722,1.9522,52.71495,1.19205
ENSG00000265681,60.8109,1433.7741,677.0653,129.0516
ENSG00000268500,110.9738,1.0726,21.61385,1.06105
ENSG00000269711,46.4099,1,177.163,1
ENSG00000270188,202.72,11.5382,22.9361,51.3115
ENSG00000270505,1,43.8457,1.10175,1
ENSG00000270672,350.705,18.8517,34.72515,57.04035
ENSG00000271605,9.3023,1.8422,41.58205,1.65465
ENSG00000272196,1141.8,27.5869,160.656,296.805
ENSG00000272398,3.1394,1.0852,1.14175,63.7676
ENSG00000273173,1.3249,22.9472,1.5714,3.66595
ENSG00000273749,1.1237,1.5203,19.39855,1.0628
ENSG00000274736,1.0222,1,1.61075,114.81485
ENSG00000275791,1.3404,45.3162,1.15945,1
ENSG00000276070,12.5308,1.1955,1.26345,65.8931
ENSG00000276231,1.2215,1.0376,7.25615,62.4839
ENSG00000276699,1,40.6341,1,1
ENSG00000277734,23.6512,2268.59,8.0834,6.5625
ENSG00000278661,1,69.9161,1,1
ENSG00000278705,26.8059,2.3389,1.5911,1
ENSG00000281106,26.3713,1.0356,1.03205,1.00815
ENSG00000281179,1,43.8457,1.10175,1
ENSG00000281958,1,98.8093,1.71845,1.25195
ENSG00000282133,1,52.6321,1,1
ENSG00000282173,6.9192,377.376,2.97915,2.62245
ENSG00000282320,4.5495,461.026,1.4245,1.6889
ENSG00000282420,8.0864,276.062,1.36075,1
ENSG00000282608,2.1506,1.0226,8.14325,499.5813
ENSG00000282939,1.8139,125.228,2.9196,1.197
ENSG00000283268,89.6141,6.3752,8.1543,17.90785
ENSG00000283378,18.4866,1,1,2.93535
ENSG00000284956,154.545,1,2.1793,23.35495
